<module HW_revision="" XML_version="1" description="USCI_B1  SPI Mode" id="USCI_B1  SPI Mode">
<register acronym="UCB1CTL0__SPI" description="USCI B1 Control Register 0" id="UCB1CTL0__SPI" offset=" 0x00D8" width="8">
<bitfield begin="0" description="Sync-Mode  0:UART-Mode / 1:SPI-Mode" end="0" id="UCSYNC" range="" resetval="0" rwaccess="RW" width="1"></bitfield>
<bitfield begin="2" description="Sync. Mode: USCI Mode 1" end="1" id="UCMODE" range="" resetval="0" rwaccess="RW" width="2">
<bitenum description="Sync. Mode: USCI Mode: 0" id="UCMODE_0" token="UCMODE_0" value="0"></bitenum>
<bitenum description="Sync. Mode: USCI Mode: 1" id="UCMODE_1" token="UCMODE_1" value="1"></bitenum>
<bitenum description="Sync. Mode: USCI Mode: 2" id="UCMODE_2" token="UCMODE_2" value="2"></bitenum>
<bitenum description="Sync. Mode: USCI Mode: 3" id="UCMODE_3" token="UCMODE_3" value="3"></bitenum></bitfield>
<bitfield begin="3" description="Sync. Mode: Master Select" end="3" id="UCMST" range="" resetval="0" rwaccess="RW" width="1"></bitfield>
<bitfield begin="4" description="Sync. Mode: Data Bits 0:8-bits / 1:7-bits" end="4" id="UC7BIT" range="" resetval="0" rwaccess="RW" width="1"></bitfield>
<bitfield begin="5" description="Sync. Mode: MSB first 0:LSB / 1:MSB" end="5" id="UCMSB" range="" resetval="0" rwaccess="RW" width="1"></bitfield>
<bitfield begin="6" description="Sync. Mode: Clock Polarity" end="6" id="UCCKPL" range="" resetval="0" rwaccess="RW" width="1"></bitfield>
<bitfield begin="7" description="Sync. Mode: Clock Phase" end="7" id="UCCKPH" range="" resetval="0" rwaccess="RW" width="1"></bitfield></register>
<register acronym="UCB1CTL1__SPI" description="USCI B1 Control Register 1" id="UCB1CTL1__SPI" offset=" 0x00D9" width="8">
<bitfield begin="0" description="USCI Software Reset" end="0" id="UCSWRST" range="" resetval="0" rwaccess="RW" width="1"></bitfield>
<bitfield begin="7" description="USCI 1 Clock Source Select 1" end="6" id="UCSSEL" range="" resetval="0" rwaccess="RW" width="2">
<bitenum description="USCI 0 Clock Source: 0" id="UCSSEL_0" token="UCSSEL_0" value="0"></bitenum>
<bitenum description="USCI 0 Clock Source: 1" id="UCSSEL_1" token="UCSSEL_1" value="1"></bitenum>
<bitenum description="USCI 0 Clock Source: 2" id="UCSSEL_2" token="UCSSEL_2" value="2"></bitenum>
<bitenum description="USCI 0 Clock Source: 3" id="UCSSEL_3" token="UCSSEL_3" value="3"></bitenum></bitfield></register>
<register acronym="UCB1BR0__SPI" description="USCI B1 Baud Rate 0" id="UCB1BR0__SPI" offset=" 0x00DA" width="8"></register>
<register acronym="UCB1BR1__SPI" description="USCI B1 Baud Rate 1" id="UCB1BR1__SPI" offset=" 0x00DB" width="8"></register>
<register acronym="UCB1STAT__SPI" description="USCI B1 Status Register" id="UCB1STAT__SPI" offset=" 0x00DD" width="8">
<bitfield begin="0" description="USCI Busy Flag" end="0" id="UCBUSY" range="" resetval="0" rwaccess="RW" width="1"></bitfield>
<bitfield begin="5" description="USCI Overrun Error Flag" end="5" id="UCOE" range="" resetval="0" rwaccess="RW" width="1"></bitfield>
<bitfield begin="6" description="USCI Frame Error Flag" end="6" id="UCFE" range="" resetval="0" rwaccess="RW" width="1"></bitfield>
<bitfield begin="7" description="USCI Listen mode" end="7" id="UCLISTEN" range="" resetval="0" rwaccess="RW" width="1"></bitfield></register>
<register acronym="UCB1RXBUF__SPI" description="USCI B1 Receive Buffer" id="UCB1RXBUF__SPI" offset=" 0x00DE" width="8"></register>
<register acronym="UCB1TXBUF__SPI" description="USCI B1 Transmit Buffer" id="UCB1TXBUF__SPI" offset=" 0x00DF" width="8"></register>
</module>