<device HW_revision="1.0" XML_version="1.0" description="MSP430F2418" id="MSP430F2418" partnum="MSP430F2418">

<instance href="../options/MSP430F2418_TI.xml"></instance>
<instance href="../options/MSP430F2418_GNU.xml"></instance>
<property Type="stringfield" Value="1.213" id="DeviceFileVersion"></property>
<property Type="stringfield" Value="MSP430x2xx Family" id="FilterString"></property>
<property Type="numericfield" Value="80" id="HeapDefaultSize"></property>
<property Type="stringfield" Value="minimal" id="PrintfDefault_support"></property>
<property Type="numericfield" Value="80" id="StackDefaultSize"></property>
<property Type="numericfield" Value="8" id="breakpoints"></property>
<property Type="stringfield" Value="EXTENDED" id="clockcontrol"></property>
<property Type="stringfield" Value="MSP430X" id="cpu_family"></property>
<property Type="stringfield" Value="EMEX_HIGH" id="eem"></property>
<property Type="numericfield" Value="2" id="hw_mpy"></property>
<property Type="stringfield" Value="true" id="IsElfDefault"></property>
<property Type="numericfield" Value="3300" id="target_vcc_default"></property>
<property Type="numericfield" Value="1" id="jtag"></property>
<property Type="stringfield" Value="true" id="Make Device Secure"></property>
<property Type="numericfield" Value="0" id="spybiwire"></property>
<property Type="numericfield" Value="0" id="cycleCounter"></property>
<property Type="stringfield" Value="0xFFC0" id="iv_base"></property>
<property Type="stringfield" Value="true" id="supportINFOMemory"></property>
<property Type="stringfield" Value="-romwidth=8 -memwidth=8" id="HexBuildOptions"></property>


<instance desc="MSP430" href="../cpus/MSP430X.xml" id="MSP430" xml="MSP430X.xml" xmlpath="../cpus/"></instance>
<cpu HW_revision="1.0" XML_version="2.0" description="MSP430 CPU" id="MSP430" isa="MSP430">

<instance HW_revision="1.0" accessnumbytes="2" baseaddr="0x0000" description="" href="../Modules/msp430/Special_Function_12.xml" id="Special_Function" permissions="p" requestor="MSP430" size="10" xml="Special_Function_12.xml" xmlpath="../Modules/msp430/"></instance>
<instance HW_revision="1.0" accessnumbytes="2" baseaddr="0x0000" description="" href="../Modules/msp430/ADC12_1.xml" id="ADC12" permissions="p" requestor="MSP430" size="10" xml="ADC12_1.xml" xmlpath="../Modules/msp430/"></instance>
<instance HW_revision="1.0" accessnumbytes="2" baseaddr="0x0000" description="" href="../Modules/msp430/System_Clock_5.xml" id="System_Clock" permissions="p" requestor="MSP430" size="10" xml="System_Clock_5.xml" xmlpath="../Modules/msp430/"></instance>
<instance HW_revision="1.0" accessnumbytes="2" baseaddr="0x0000" description="" href="../Modules/msp430/Comparator_A_2.xml" id="Comparator_A" permissions="p" requestor="MSP430" size="10" xml="Comparator_A_2.xml" xmlpath="../Modules/msp430/"></instance>
<instance HW_revision="1.0" accessnumbytes="2" baseaddr="0x0000" description="" href="../Modules/msp430/Flash_5.xml" id="Flash" permissions="p" requestor="MSP430" size="10" xml="Flash_5.xml" xmlpath="../Modules/msp430/"></instance>
<instance HW_revision="1.0" accessnumbytes="2" baseaddr="0x0000" description="" href="../Modules/msp430/Multiplier_1.xml" id="Multiplier" permissions="p" requestor="MSP430" size="10" xml="Multiplier_1.xml" xmlpath="../Modules/msp430/"></instance>
<instance HW_revision="1.0" accessnumbytes="2" baseaddr="0x0000" description="" href="../Modules/msp430/Port_1_2_2.xml" id="Port_1_2" permissions="p" requestor="MSP430" size="10" xml="Port_1_2_2.xml" xmlpath="../Modules/msp430/"></instance>
<instance HW_revision="1.0" accessnumbytes="2" baseaddr="0x0000" description="" href="../Modules/msp430/Port_3_4_3.xml" id="Port_3_4" permissions="p" requestor="MSP430" size="10" xml="Port_3_4_3.xml" xmlpath="../Modules/msp430/"></instance>
<instance HW_revision="1.0" accessnumbytes="2" baseaddr="0x0000" description="" href="../Modules/msp430/Port_5_6_2.xml" id="Port_5_6" permissions="p" requestor="MSP430" size="10" xml="Port_5_6_2.xml" xmlpath="../Modules/msp430/"></instance>
<instance HW_revision="1.0" accessnumbytes="2" baseaddr="0x0000" description="" href="../Modules/msp430/Port_7_8_2.xml" id="Port_7_8" permissions="p" requestor="MSP430" size="10" xml="Port_7_8_2.xml" xmlpath="../Modules/msp430/"></instance>
<instance HW_revision="1.0" accessnumbytes="2" baseaddr="0x0000" description="" href="../Modules/msp430/Supply_Voltage_Supervisor_3.xml" id="Supply_Voltage_Supervisor" permissions="p" requestor="MSP430" size="10" xml="Supply_Voltage_Supervisor_3.xml" xmlpath="../Modules/msp430/"></instance>
<instance HW_revision="1.0" accessnumbytes="2" baseaddr="0x0000" description="" href="../Modules/msp430/Timer_A3_1.xml" id="Timer_A3" permissions="p" requestor="MSP430" size="10" xml="Timer_A3_1.xml" xmlpath="../Modules/msp430/"></instance>
<instance HW_revision="1.0" accessnumbytes="2" baseaddr="0x0000" description="" href="../Modules/msp430/Timer_B7_1.xml" id="Timer_B7" permissions="p" requestor="MSP430" size="10" xml="Timer_B7_1.xml" xmlpath="../Modules/msp430/"></instance>
<instance HW_revision="1.0" accessnumbytes="2" baseaddr="0x0000" description="" href="../Modules/msp430/USCI_A0__UART_Mode_1.xml" id="USCI_A0__UART_Mode" permissions="p" requestor="MSP430" size="10" xml="USCI_A0__UART_Mode_1.xml" xmlpath="../Modules/msp430/"></instance>
<instance HW_revision="1.0" accessnumbytes="2" baseaddr="0x0000" description="" href="../Modules/msp430/USCI_A0__SPI_Mode_1.xml" id="USCI_A0__SPI_Mode" permissions="p" requestor="MSP430" size="10" xml="USCI_A0__SPI_Mode_1.xml" xmlpath="../Modules/msp430/"></instance>
<instance HW_revision="1.0" accessnumbytes="2" baseaddr="0x0000" description="" href="../Modules/msp430/USCI_B0__SPI_Mode_1.xml" id="USCI_B0__SPI_Mode" permissions="p" requestor="MSP430" size="10" xml="USCI_B0__SPI_Mode_1.xml" xmlpath="../Modules/msp430/"></instance>
<instance HW_revision="1.0" accessnumbytes="2" baseaddr="0x0000" description="" href="../Modules/msp430/USCI_B0__I2C_Mode_1.xml" id="USCI_B0__I2C_Mode" permissions="p" requestor="MSP430" size="10" xml="USCI_B0__I2C_Mode_1.xml" xmlpath="../Modules/msp430/"></instance>
<instance HW_revision="1.0" accessnumbytes="2" baseaddr="0x0000" description="" href="../Modules/msp430/USCI_A1__UART_Mode_1.xml" id="USCI_A1__UART_Mode" permissions="p" requestor="MSP430" size="10" xml="USCI_A1__UART_Mode_1.xml" xmlpath="../Modules/msp430/"></instance>
<instance HW_revision="1.0" accessnumbytes="2" baseaddr="0x0000" description="" href="../Modules/msp430/USCI_A1__SPI_Mode_1.xml" id="USCI_A1__SPI_Mode" permissions="p" requestor="MSP430" size="10" xml="USCI_A1__SPI_Mode_1.xml" xmlpath="../Modules/msp430/"></instance>
<instance HW_revision="1.0" accessnumbytes="2" baseaddr="0x0000" description="" href="../Modules/msp430/USCI_B1__SPI_Mode_1.xml" id="USCI_B1__SPI_Mode" permissions="p" requestor="MSP430" size="10" xml="USCI_B1__SPI_Mode_1.xml" xmlpath="../Modules/msp430/"></instance>
<instance HW_revision="1.0" accessnumbytes="2" baseaddr="0x0000" description="" href="../Modules/msp430/USCI_B1__I2C_Mode_1.xml" id="USCI_B1__I2C_Mode" permissions="p" requestor="MSP430" size="10" xml="USCI_B1__I2C_Mode_1.xml" xmlpath="../Modules/msp430/"></instance>
<instance HW_revision="1.0" accessnumbytes="2" baseaddr="0x0000" description="" href="../Modules/msp430/Watchdog_Timer_1.xml" id="Watchdog_Timer" permissions="p" requestor="MSP430" size="10" xml="Watchdog_Timer_1.xml" xmlpath="../Modules/msp430/"></instance>
<instance HW_revision="1.0" accessnumbytes="2" baseaddr="0x0000" description="" href="../Modules/msp430/TLV_Calibration_Data_2.xml" id="TLV_Calibration_Data" permissions="p" requestor="MSP430" size="10" xml="TLV_Calibration_Data_2.xml" xmlpath="../Modules/msp430/"></instance>
<instance HW_revision="1.0" accessnumbytes="2" baseaddr="0x0000" description="" href="../Modules/msp430/Calibration_Data_1.xml" id="Calibration_Data" permissions="p" requestor="MSP430" size="10" xml="Calibration_Data_1.xml" xmlpath="../Modules/msp430/"></instance>
<instance HW_revision="1.0" accessnumbytes="4" baseaddr="0x0000" description="" href="../Modules/msp430/MSP430X_NotVisible.xml" id="" permissions="p" requestor="MSP430" size="00" xml="MSP430X_NotVisible.xml" xmlpath="../Modules/msp430/"></instance>
</cpu></device>