<module HW_revision="" XML_version="1" description="Timer B7" id="Timer B7">
<register acronym="TBIV" description="Timer B Interrupt Vector Word" id="TBIV" offset=" 0x011E" width="16"></register>
<register acronym="TBCTL" description="Timer B Control" id="TBCTL" offset=" 0x0180" width="16">
<bitfield begin="0" description="Timer B interrupt flag" end="0" id="TBIFG" range="" resetval="0" rwaccess="RW" width="1"></bitfield>
<bitfield begin="1" description="Timer B interrupt enable" end="1" id="TBIE" range="" resetval="0" rwaccess="RW" width="1"></bitfield>
<bitfield begin="2" description="Timer B counter clear" end="2" id="TBCLR" range="" resetval="0" rwaccess="RW" width="1"></bitfield>
<bitfield begin="5" description="Timer B mode control 1" end="4" id="MC" range="" resetval="0" rwaccess="RW" width="2">
<bitenum description="Timer A mode control: 0 - Stop" id="MC_0" token="MC_0" value="0"></bitenum>
<bitenum description="Timer A mode control: 1 - Up to CCR0" id="MC_1" token="MC_1" value="1"></bitenum>
<bitenum description="Timer A mode control: 2 - Continous up" id="MC_2" token="MC_2" value="2"></bitenum>
<bitenum description="Timer A mode control: 3 - Up/Down" id="MC_3" token="MC_3" value="3"></bitenum></bitfield>
<bitfield begin="7" description="Timer B clock input divider 1" end="6" id="ID" range="" resetval="0" rwaccess="RW" width="2">
<bitenum description="Timer A input divider: 0 - /1" id="ID_0" token="ID_0" value="0"></bitenum>
<bitenum description="Timer A input divider: 1 - /2" id="ID_1" token="ID_1" value="1"></bitenum>
<bitenum description="Timer A input divider: 2 - /4" id="ID_2" token="ID_2" value="2"></bitenum>
<bitenum description="Timer A input divider: 3 - /8" id="ID_3" token="ID_3" value="3"></bitenum></bitfield>
<bitfield begin="9" description="Clock source 1" end="8" id="TBSSEL" range="" resetval="0" rwaccess="RW" width="2">
<bitenum description="Clock Source: TBCLK" id="TBSSEL_0" token="TBSSEL_0" value="0"></bitenum>
<bitenum description="Clock Source: ACLK" id="TBSSEL_1" token="TBSSEL_1" value="1"></bitenum>
<bitenum description="Clock Source: SMCLK" id="TBSSEL_2" token="TBSSEL_2" value="2"></bitenum>
<bitenum description="Clock Source: INCLK" id="TBSSEL_3" token="TBSSEL_3" value="3"></bitenum></bitfield>
<bitfield begin="12" description="Counter lenght 1" end="11" id="CNTL" range="" resetval="0" rwaccess="RW" width="2">
<bitenum description="Counter lenght: 16 bit" id="CNTL_0" token="CNTL_0" value="0"></bitenum>
<bitenum description="Counter lenght: 12 bit" id="CNTL_1" token="CNTL_1" value="1"></bitenum>
<bitenum description="Counter lenght: 10 bit" id="CNTL_2" token="CNTL_2" value="2"></bitenum>
<bitenum description="Counter lenght:  8 bit" id="CNTL_3" token="CNTL_3" value="3"></bitenum></bitfield>
<bitfield begin="14" description="Timer B Compare latch load group 1" end="13" id="TBCLGRP" range="" resetval="0" rwaccess="RW" width="2">
<bitenum description="Timer B Group: 0 - individually" id="TBCLGRP_0" token="TBCLGRP_0" value="0"></bitenum>
<bitenum description="Timer B Group: 1 - 3 groups (1-2" id="TBCLGRP_1" token="TBCLGRP_1" value="1"></bitenum>
<bitenum description="Timer B Group: 2 - 2 groups (1-3" id="TBCLGRP_2" token="TBCLGRP_2" value="2"></bitenum>
<bitenum description="Timer B Group: 3 - 1 group (all)" id="TBCLGRP_3" token="TBCLGRP_3" value="3"></bitenum></bitfield></register>
<register acronym="TBCCTL0" description="Timer B Capture/Compare Control 0" id="TBCCTL0" offset=" 0x0182" width="16">
<bitfield begin="0" description="Capture/compare interrupt flag" end="0" id="CCIFG" range="" resetval="0" rwaccess="RW" width="1"></bitfield>
<bitfield begin="1" description="Capture/compare overflow flag" end="1" id="COV" range="" resetval="0" rwaccess="RW" width="1"></bitfield>
<bitfield begin="2" description="PWM Output signal if output mode 0" end="2" id="OUT" range="" resetval="0" rwaccess="RW" width="1"></bitfield>
<bitfield begin="3" description="Capture input signal (read)" end="3" id="CCI" range="" resetval="0" rwaccess="RW" width="1"></bitfield>
<bitfield begin="4" description="Capture/compare interrupt enable" end="4" id="CCIE" range="" resetval="0" rwaccess="RW" width="1"></bitfield>
<bitfield begin="7" description="Output mode 2" end="5" id="OUTMOD" range="" resetval="0" rwaccess="RW" width="3">
<bitenum description="PWM output mode: 0 - output only" id="OUTMOD_0" token="OUTMOD_0" value="0"></bitenum>
<bitenum description="PWM output mode: 1 - set" id="OUTMOD_1" token="OUTMOD_1" value="1"></bitenum>
<bitenum description="PWM output mode: 2 - PWM toggle/reset" id="OUTMOD_2" token="OUTMOD_2" value="2"></bitenum>
<bitenum description="PWM output mode: 3 - PWM set/reset" id="OUTMOD_3" token="OUTMOD_3" value="3"></bitenum>
<bitenum description="PWM output mode: 4 - toggle" id="OUTMOD_4" token="OUTMOD_4" value="4"></bitenum>
<bitenum description="PWM output mode: 5 - Reset" id="OUTMOD_5" token="OUTMOD_5" value="5"></bitenum>
<bitenum description="PWM output mode: 6 - PWM toggle/set" id="OUTMOD_6" token="OUTMOD_6" value="6"></bitenum>
<bitenum description="PWM output mode: 7 - PWM reset/set" id="OUTMOD_7" token="OUTMOD_7" value="7"></bitenum></bitfield>
<bitfield begin="8" description="Capture mode: 1 /Compare mode : 0" end="8" id="CAP" range="" resetval="0" rwaccess="RW" width="1"></bitfield>
<bitfield begin="10" description="Compare latch load source 1" end="9" id="CLLD" range="" resetval="0" rwaccess="RW" width="2">
<bitenum description="Compare latch load sourec : 0 - immediate" id="CLLD_0" token="CLLD_0" value="0"></bitenum>
<bitenum description="Compare latch load sourec : 1 - TBR counts to 0" id="CLLD_1" token="CLLD_1" value="1"></bitenum>
<bitenum description="Compare latch load sourec : 2 - up/down" id="CLLD_2" token="CLLD_2" value="2"></bitenum>
<bitenum description="Compare latch load sourec : 3 - TBR counts to TBCTL0" id="CLLD_3" token="CLLD_3" value="3"></bitenum></bitfield>
<bitfield begin="11" description="Capture sychronize" end="11" id="SCS" range="" resetval="0" rwaccess="RW" width="1"></bitfield>
<bitfield begin="13" description="Capture input select 1" end="12" id="CCIS" range="" resetval="0" rwaccess="RW" width="2">
<bitenum description="Capture input select: 0 - CCIxA" id="CCIS_0" token="CCIS_0" value="0"></bitenum>
<bitenum description="Capture input select: 1 - CCIxB" id="CCIS_1" token="CCIS_1" value="1"></bitenum>
<bitenum description="Capture input select: 2 - GND" id="CCIS_2" token="CCIS_2" value="2"></bitenum>
<bitenum description="Capture input select: 3 - Vcc" id="CCIS_3" token="CCIS_3" value="3"></bitenum></bitfield>
<bitfield begin="15" description="Capture mode 1" end="14" id="CM" range="" resetval="0" rwaccess="RW" width="2">
<bitenum description="Capture mode: 0 - disabled" id="CM_0" token="CM_0" value="0"></bitenum>
<bitenum description="Capture mode: 1 - pos. edge" id="CM_1" token="CM_1" value="1"></bitenum>
<bitenum description="Capture mode: 1 - neg. edge" id="CM_2" token="CM_2" value="2"></bitenum>
<bitenum description="Capture mode: 1 - both edges" id="CM_3" token="CM_3" value="3"></bitenum></bitfield></register>
<register acronym="TBCCTL1" description="Timer B Capture/Compare Control 1" id="TBCCTL1" offset=" 0x0184" width="16">
<bitfield begin="0" description="Capture/compare interrupt flag" end="0" id="CCIFG" range="" resetval="0" rwaccess="RW" width="1"></bitfield>
<bitfield begin="1" description="Capture/compare overflow flag" end="1" id="COV" range="" resetval="0" rwaccess="RW" width="1"></bitfield>
<bitfield begin="2" description="PWM Output signal if output mode 0" end="2" id="OUT" range="" resetval="0" rwaccess="RW" width="1"></bitfield>
<bitfield begin="3" description="Capture input signal (read)" end="3" id="CCI" range="" resetval="0" rwaccess="RW" width="1"></bitfield>
<bitfield begin="4" description="Capture/compare interrupt enable" end="4" id="CCIE" range="" resetval="0" rwaccess="RW" width="1"></bitfield>
<bitfield begin="7" description="Output mode 2" end="5" id="OUTMOD" range="" resetval="0" rwaccess="RW" width="3">
<bitenum description="PWM output mode: 0 - output only" id="OUTMOD_0" token="OUTMOD_0" value="0"></bitenum>
<bitenum description="PWM output mode: 1 - set" id="OUTMOD_1" token="OUTMOD_1" value="1"></bitenum>
<bitenum description="PWM output mode: 2 - PWM toggle/reset" id="OUTMOD_2" token="OUTMOD_2" value="2"></bitenum>
<bitenum description="PWM output mode: 3 - PWM set/reset" id="OUTMOD_3" token="OUTMOD_3" value="3"></bitenum>
<bitenum description="PWM output mode: 4 - toggle" id="OUTMOD_4" token="OUTMOD_4" value="4"></bitenum>
<bitenum description="PWM output mode: 5 - Reset" id="OUTMOD_5" token="OUTMOD_5" value="5"></bitenum>
<bitenum description="PWM output mode: 6 - PWM toggle/set" id="OUTMOD_6" token="OUTMOD_6" value="6"></bitenum>
<bitenum description="PWM output mode: 7 - PWM reset/set" id="OUTMOD_7" token="OUTMOD_7" value="7"></bitenum></bitfield>
<bitfield begin="8" description="Capture mode: 1 /Compare mode : 0" end="8" id="CAP" range="" resetval="0" rwaccess="RW" width="1"></bitfield>
<bitfield begin="10" description="Compare latch load source 1" end="9" id="CLLD" range="" resetval="0" rwaccess="RW" width="2">
<bitenum description="Compare latch load sourec : 0 - immediate" id="CLLD_0" token="CLLD_0" value="0"></bitenum>
<bitenum description="Compare latch load sourec : 1 - TBR counts to 0" id="CLLD_1" token="CLLD_1" value="1"></bitenum>
<bitenum description="Compare latch load sourec : 2 - up/down" id="CLLD_2" token="CLLD_2" value="2"></bitenum>
<bitenum description="Compare latch load sourec : 3 - TBR counts to TBCTL0" id="CLLD_3" token="CLLD_3" value="3"></bitenum></bitfield>
<bitfield begin="11" description="Capture sychronize" end="11" id="SCS" range="" resetval="0" rwaccess="RW" width="1"></bitfield>
<bitfield begin="13" description="Capture input select 1" end="12" id="CCIS" range="" resetval="0" rwaccess="RW" width="2">
<bitenum description="Capture input select: 0 - CCIxA" id="CCIS_0" token="CCIS_0" value="0"></bitenum>
<bitenum description="Capture input select: 1 - CCIxB" id="CCIS_1" token="CCIS_1" value="1"></bitenum>
<bitenum description="Capture input select: 2 - GND" id="CCIS_2" token="CCIS_2" value="2"></bitenum>
<bitenum description="Capture input select: 3 - Vcc" id="CCIS_3" token="CCIS_3" value="3"></bitenum></bitfield>
<bitfield begin="15" description="Capture mode 1" end="14" id="CM" range="" resetval="0" rwaccess="RW" width="2">
<bitenum description="Capture mode: 0 - disabled" id="CM_0" token="CM_0" value="0"></bitenum>
<bitenum description="Capture mode: 1 - pos. edge" id="CM_1" token="CM_1" value="1"></bitenum>
<bitenum description="Capture mode: 1 - neg. edge" id="CM_2" token="CM_2" value="2"></bitenum>
<bitenum description="Capture mode: 1 - both edges" id="CM_3" token="CM_3" value="3"></bitenum></bitfield></register>
<register acronym="TBCCTL2" description="Timer B Capture/Compare Control 2" id="TBCCTL2" offset=" 0x0186" width="16">
<bitfield begin="0" description="Capture/compare interrupt flag" end="0" id="CCIFG" range="" resetval="0" rwaccess="RW" width="1"></bitfield>
<bitfield begin="1" description="Capture/compare overflow flag" end="1" id="COV" range="" resetval="0" rwaccess="RW" width="1"></bitfield>
<bitfield begin="2" description="PWM Output signal if output mode 0" end="2" id="OUT" range="" resetval="0" rwaccess="RW" width="1"></bitfield>
<bitfield begin="3" description="Capture input signal (read)" end="3" id="CCI" range="" resetval="0" rwaccess="RW" width="1"></bitfield>
<bitfield begin="4" description="Capture/compare interrupt enable" end="4" id="CCIE" range="" resetval="0" rwaccess="RW" width="1"></bitfield>
<bitfield begin="7" description="Output mode 2" end="5" id="OUTMOD" range="" resetval="0" rwaccess="RW" width="3">
<bitenum description="PWM output mode: 0 - output only" id="OUTMOD_0" token="OUTMOD_0" value="0"></bitenum>
<bitenum description="PWM output mode: 1 - set" id="OUTMOD_1" token="OUTMOD_1" value="1"></bitenum>
<bitenum description="PWM output mode: 2 - PWM toggle/reset" id="OUTMOD_2" token="OUTMOD_2" value="2"></bitenum>
<bitenum description="PWM output mode: 3 - PWM set/reset" id="OUTMOD_3" token="OUTMOD_3" value="3"></bitenum>
<bitenum description="PWM output mode: 4 - toggle" id="OUTMOD_4" token="OUTMOD_4" value="4"></bitenum>
<bitenum description="PWM output mode: 5 - Reset" id="OUTMOD_5" token="OUTMOD_5" value="5"></bitenum>
<bitenum description="PWM output mode: 6 - PWM toggle/set" id="OUTMOD_6" token="OUTMOD_6" value="6"></bitenum>
<bitenum description="PWM output mode: 7 - PWM reset/set" id="OUTMOD_7" token="OUTMOD_7" value="7"></bitenum></bitfield>
<bitfield begin="8" description="Capture mode: 1 /Compare mode : 0" end="8" id="CAP" range="" resetval="0" rwaccess="RW" width="1"></bitfield>
<bitfield begin="10" description="Compare latch load source 1" end="9" id="CLLD" range="" resetval="0" rwaccess="RW" width="2">
<bitenum description="Compare latch load sourec : 0 - immediate" id="CLLD_0" token="CLLD_0" value="0"></bitenum>
<bitenum description="Compare latch load sourec : 1 - TBR counts to 0" id="CLLD_1" token="CLLD_1" value="1"></bitenum>
<bitenum description="Compare latch load sourec : 2 - up/down" id="CLLD_2" token="CLLD_2" value="2"></bitenum>
<bitenum description="Compare latch load sourec : 3 - TBR counts to TBCTL0" id="CLLD_3" token="CLLD_3" value="3"></bitenum></bitfield>
<bitfield begin="11" description="Capture sychronize" end="11" id="SCS" range="" resetval="0" rwaccess="RW" width="1"></bitfield>
<bitfield begin="13" description="Capture input select 1" end="12" id="CCIS" range="" resetval="0" rwaccess="RW" width="2">
<bitenum description="Capture input select: 0 - CCIxA" id="CCIS_0" token="CCIS_0" value="0"></bitenum>
<bitenum description="Capture input select: 1 - CCIxB" id="CCIS_1" token="CCIS_1" value="1"></bitenum>
<bitenum description="Capture input select: 2 - GND" id="CCIS_2" token="CCIS_2" value="2"></bitenum>
<bitenum description="Capture input select: 3 - Vcc" id="CCIS_3" token="CCIS_3" value="3"></bitenum></bitfield>
<bitfield begin="15" description="Capture mode 1" end="14" id="CM" range="" resetval="0" rwaccess="RW" width="2">
<bitenum description="Capture mode: 0 - disabled" id="CM_0" token="CM_0" value="0"></bitenum>
<bitenum description="Capture mode: 1 - pos. edge" id="CM_1" token="CM_1" value="1"></bitenum>
<bitenum description="Capture mode: 1 - neg. edge" id="CM_2" token="CM_2" value="2"></bitenum>
<bitenum description="Capture mode: 1 - both edges" id="CM_3" token="CM_3" value="3"></bitenum></bitfield></register>
<register acronym="TBCCTL3" description="Timer B Capture/Compare Control 3" id="TBCCTL3" offset=" 0x0188" width="16">
<bitfield begin="0" description="Capture/compare interrupt flag" end="0" id="CCIFG" range="" resetval="0" rwaccess="RW" width="1"></bitfield>
<bitfield begin="1" description="Capture/compare overflow flag" end="1" id="COV" range="" resetval="0" rwaccess="RW" width="1"></bitfield>
<bitfield begin="2" description="PWM Output signal if output mode 0" end="2" id="OUT" range="" resetval="0" rwaccess="RW" width="1"></bitfield>
<bitfield begin="3" description="Capture input signal (read)" end="3" id="CCI" range="" resetval="0" rwaccess="RW" width="1"></bitfield>
<bitfield begin="4" description="Capture/compare interrupt enable" end="4" id="CCIE" range="" resetval="0" rwaccess="RW" width="1"></bitfield>
<bitfield begin="7" description="Output mode 2" end="5" id="OUTMOD" range="" resetval="0" rwaccess="RW" width="3">
<bitenum description="PWM output mode: 0 - output only" id="OUTMOD_0" token="OUTMOD_0" value="0"></bitenum>
<bitenum description="PWM output mode: 1 - set" id="OUTMOD_1" token="OUTMOD_1" value="1"></bitenum>
<bitenum description="PWM output mode: 2 - PWM toggle/reset" id="OUTMOD_2" token="OUTMOD_2" value="2"></bitenum>
<bitenum description="PWM output mode: 3 - PWM set/reset" id="OUTMOD_3" token="OUTMOD_3" value="3"></bitenum>
<bitenum description="PWM output mode: 4 - toggle" id="OUTMOD_4" token="OUTMOD_4" value="4"></bitenum>
<bitenum description="PWM output mode: 5 - Reset" id="OUTMOD_5" token="OUTMOD_5" value="5"></bitenum>
<bitenum description="PWM output mode: 6 - PWM toggle/set" id="OUTMOD_6" token="OUTMOD_6" value="6"></bitenum>
<bitenum description="PWM output mode: 7 - PWM reset/set" id="OUTMOD_7" token="OUTMOD_7" value="7"></bitenum></bitfield>
<bitfield begin="8" description="Capture mode: 1 /Compare mode : 0" end="8" id="CAP" range="" resetval="0" rwaccess="RW" width="1"></bitfield>
<bitfield begin="10" description="Compare latch load source 1" end="9" id="CLLD" range="" resetval="0" rwaccess="RW" width="2">
<bitenum description="Compare latch load sourec : 0 - immediate" id="CLLD_0" token="CLLD_0" value="0"></bitenum>
<bitenum description="Compare latch load sourec : 1 - TBR counts to 0" id="CLLD_1" token="CLLD_1" value="1"></bitenum>
<bitenum description="Compare latch load sourec : 2 - up/down" id="CLLD_2" token="CLLD_2" value="2"></bitenum>
<bitenum description="Compare latch load sourec : 3 - TBR counts to TBCTL0" id="CLLD_3" token="CLLD_3" value="3"></bitenum></bitfield>
<bitfield begin="11" description="Capture sychronize" end="11" id="SCS" range="" resetval="0" rwaccess="RW" width="1"></bitfield>
<bitfield begin="13" description="Capture input select 1" end="12" id="CCIS" range="" resetval="0" rwaccess="RW" width="2">
<bitenum description="Capture input select: 0 - CCIxA" id="CCIS_0" token="CCIS_0" value="0"></bitenum>
<bitenum description="Capture input select: 1 - CCIxB" id="CCIS_1" token="CCIS_1" value="1"></bitenum>
<bitenum description="Capture input select: 2 - GND" id="CCIS_2" token="CCIS_2" value="2"></bitenum>
<bitenum description="Capture input select: 3 - Vcc" id="CCIS_3" token="CCIS_3" value="3"></bitenum></bitfield>
<bitfield begin="15" description="Capture mode 1" end="14" id="CM" range="" resetval="0" rwaccess="RW" width="2">
<bitenum description="Capture mode: 0 - disabled" id="CM_0" token="CM_0" value="0"></bitenum>
<bitenum description="Capture mode: 1 - pos. edge" id="CM_1" token="CM_1" value="1"></bitenum>
<bitenum description="Capture mode: 1 - neg. edge" id="CM_2" token="CM_2" value="2"></bitenum>
<bitenum description="Capture mode: 1 - both edges" id="CM_3" token="CM_3" value="3"></bitenum></bitfield></register>
<register acronym="TBCCTL4" description="Timer B Capture/Compare Control 4" id="TBCCTL4" offset=" 0x018A" width="16">
<bitfield begin="0" description="Capture/compare interrupt flag" end="0" id="CCIFG" range="" resetval="0" rwaccess="RW" width="1"></bitfield>
<bitfield begin="1" description="Capture/compare overflow flag" end="1" id="COV" range="" resetval="0" rwaccess="RW" width="1"></bitfield>
<bitfield begin="2" description="PWM Output signal if output mode 0" end="2" id="OUT" range="" resetval="0" rwaccess="RW" width="1"></bitfield>
<bitfield begin="3" description="Capture input signal (read)" end="3" id="CCI" range="" resetval="0" rwaccess="RW" width="1"></bitfield>
<bitfield begin="4" description="Capture/compare interrupt enable" end="4" id="CCIE" range="" resetval="0" rwaccess="RW" width="1"></bitfield>
<bitfield begin="7" description="Output mode 2" end="5" id="OUTMOD" range="" resetval="0" rwaccess="RW" width="3">
<bitenum description="PWM output mode: 0 - output only" id="OUTMOD_0" token="OUTMOD_0" value="0"></bitenum>
<bitenum description="PWM output mode: 1 - set" id="OUTMOD_1" token="OUTMOD_1" value="1"></bitenum>
<bitenum description="PWM output mode: 2 - PWM toggle/reset" id="OUTMOD_2" token="OUTMOD_2" value="2"></bitenum>
<bitenum description="PWM output mode: 3 - PWM set/reset" id="OUTMOD_3" token="OUTMOD_3" value="3"></bitenum>
<bitenum description="PWM output mode: 4 - toggle" id="OUTMOD_4" token="OUTMOD_4" value="4"></bitenum>
<bitenum description="PWM output mode: 5 - Reset" id="OUTMOD_5" token="OUTMOD_5" value="5"></bitenum>
<bitenum description="PWM output mode: 6 - PWM toggle/set" id="OUTMOD_6" token="OUTMOD_6" value="6"></bitenum>
<bitenum description="PWM output mode: 7 - PWM reset/set" id="OUTMOD_7" token="OUTMOD_7" value="7"></bitenum></bitfield>
<bitfield begin="8" description="Capture mode: 1 /Compare mode : 0" end="8" id="CAP" range="" resetval="0" rwaccess="RW" width="1"></bitfield>
<bitfield begin="10" description="Compare latch load source 1" end="9" id="CLLD" range="" resetval="0" rwaccess="RW" width="2">
<bitenum description="Compare latch load sourec : 0 - immediate" id="CLLD_0" token="CLLD_0" value="0"></bitenum>
<bitenum description="Compare latch load sourec : 1 - TBR counts to 0" id="CLLD_1" token="CLLD_1" value="1"></bitenum>
<bitenum description="Compare latch load sourec : 2 - up/down" id="CLLD_2" token="CLLD_2" value="2"></bitenum>
<bitenum description="Compare latch load sourec : 3 - TBR counts to TBCTL0" id="CLLD_3" token="CLLD_3" value="3"></bitenum></bitfield>
<bitfield begin="11" description="Capture sychronize" end="11" id="SCS" range="" resetval="0" rwaccess="RW" width="1"></bitfield>
<bitfield begin="13" description="Capture input select 1" end="12" id="CCIS" range="" resetval="0" rwaccess="RW" width="2">
<bitenum description="Capture input select: 0 - CCIxA" id="CCIS_0" token="CCIS_0" value="0"></bitenum>
<bitenum description="Capture input select: 1 - CCIxB" id="CCIS_1" token="CCIS_1" value="1"></bitenum>
<bitenum description="Capture input select: 2 - GND" id="CCIS_2" token="CCIS_2" value="2"></bitenum>
<bitenum description="Capture input select: 3 - Vcc" id="CCIS_3" token="CCIS_3" value="3"></bitenum></bitfield>
<bitfield begin="15" description="Capture mode 1" end="14" id="CM" range="" resetval="0" rwaccess="RW" width="2">
<bitenum description="Capture mode: 0 - disabled" id="CM_0" token="CM_0" value="0"></bitenum>
<bitenum description="Capture mode: 1 - pos. edge" id="CM_1" token="CM_1" value="1"></bitenum>
<bitenum description="Capture mode: 1 - neg. edge" id="CM_2" token="CM_2" value="2"></bitenum>
<bitenum description="Capture mode: 1 - both edges" id="CM_3" token="CM_3" value="3"></bitenum></bitfield></register>
<register acronym="TBCCTL5" description="Timer B Capture/Compare Control 5" id="TBCCTL5" offset=" 0x018C" width="16">
<bitfield begin="0" description="Capture/compare interrupt flag" end="0" id="CCIFG" range="" resetval="0" rwaccess="RW" width="1"></bitfield>
<bitfield begin="1" description="Capture/compare overflow flag" end="1" id="COV" range="" resetval="0" rwaccess="RW" width="1"></bitfield>
<bitfield begin="2" description="PWM Output signal if output mode 0" end="2" id="OUT" range="" resetval="0" rwaccess="RW" width="1"></bitfield>
<bitfield begin="3" description="Capture input signal (read)" end="3" id="CCI" range="" resetval="0" rwaccess="RW" width="1"></bitfield>
<bitfield begin="4" description="Capture/compare interrupt enable" end="4" id="CCIE" range="" resetval="0" rwaccess="RW" width="1"></bitfield>
<bitfield begin="7" description="Output mode 2" end="5" id="OUTMOD" range="" resetval="0" rwaccess="RW" width="3">
<bitenum description="PWM output mode: 0 - output only" id="OUTMOD_0" token="OUTMOD_0" value="0"></bitenum>
<bitenum description="PWM output mode: 1 - set" id="OUTMOD_1" token="OUTMOD_1" value="1"></bitenum>
<bitenum description="PWM output mode: 2 - PWM toggle/reset" id="OUTMOD_2" token="OUTMOD_2" value="2"></bitenum>
<bitenum description="PWM output mode: 3 - PWM set/reset" id="OUTMOD_3" token="OUTMOD_3" value="3"></bitenum>
<bitenum description="PWM output mode: 4 - toggle" id="OUTMOD_4" token="OUTMOD_4" value="4"></bitenum>
<bitenum description="PWM output mode: 5 - Reset" id="OUTMOD_5" token="OUTMOD_5" value="5"></bitenum>
<bitenum description="PWM output mode: 6 - PWM toggle/set" id="OUTMOD_6" token="OUTMOD_6" value="6"></bitenum>
<bitenum description="PWM output mode: 7 - PWM reset/set" id="OUTMOD_7" token="OUTMOD_7" value="7"></bitenum></bitfield>
<bitfield begin="8" description="Capture mode: 1 /Compare mode : 0" end="8" id="CAP" range="" resetval="0" rwaccess="RW" width="1"></bitfield>
<bitfield begin="10" description="Compare latch load source 1" end="9" id="CLLD" range="" resetval="0" rwaccess="RW" width="2">
<bitenum description="Compare latch load sourec : 0 - immediate" id="CLLD_0" token="CLLD_0" value="0"></bitenum>
<bitenum description="Compare latch load sourec : 1 - TBR counts to 0" id="CLLD_1" token="CLLD_1" value="1"></bitenum>
<bitenum description="Compare latch load sourec : 2 - up/down" id="CLLD_2" token="CLLD_2" value="2"></bitenum>
<bitenum description="Compare latch load sourec : 3 - TBR counts to TBCTL0" id="CLLD_3" token="CLLD_3" value="3"></bitenum></bitfield>
<bitfield begin="11" description="Capture sychronize" end="11" id="SCS" range="" resetval="0" rwaccess="RW" width="1"></bitfield>
<bitfield begin="13" description="Capture input select 1" end="12" id="CCIS" range="" resetval="0" rwaccess="RW" width="2">
<bitenum description="Capture input select: 0 - CCIxA" id="CCIS_0" token="CCIS_0" value="0"></bitenum>
<bitenum description="Capture input select: 1 - CCIxB" id="CCIS_1" token="CCIS_1" value="1"></bitenum>
<bitenum description="Capture input select: 2 - GND" id="CCIS_2" token="CCIS_2" value="2"></bitenum>
<bitenum description="Capture input select: 3 - Vcc" id="CCIS_3" token="CCIS_3" value="3"></bitenum></bitfield>
<bitfield begin="15" description="Capture mode 1" end="14" id="CM" range="" resetval="0" rwaccess="RW" width="2">
<bitenum description="Capture mode: 0 - disabled" id="CM_0" token="CM_0" value="0"></bitenum>
<bitenum description="Capture mode: 1 - pos. edge" id="CM_1" token="CM_1" value="1"></bitenum>
<bitenum description="Capture mode: 1 - neg. edge" id="CM_2" token="CM_2" value="2"></bitenum>
<bitenum description="Capture mode: 1 - both edges" id="CM_3" token="CM_3" value="3"></bitenum></bitfield></register>
<register acronym="TBCCTL6" description="Timer B Capture/Compare Control 6" id="TBCCTL6" offset=" 0x018E" width="16">
<bitfield begin="0" description="Capture/compare interrupt flag" end="0" id="CCIFG" range="" resetval="0" rwaccess="RW" width="1"></bitfield>
<bitfield begin="1" description="Capture/compare overflow flag" end="1" id="COV" range="" resetval="0" rwaccess="RW" width="1"></bitfield>
<bitfield begin="2" description="PWM Output signal if output mode 0" end="2" id="OUT" range="" resetval="0" rwaccess="RW" width="1"></bitfield>
<bitfield begin="3" description="Capture input signal (read)" end="3" id="CCI" range="" resetval="0" rwaccess="RW" width="1"></bitfield>
<bitfield begin="4" description="Capture/compare interrupt enable" end="4" id="CCIE" range="" resetval="0" rwaccess="RW" width="1"></bitfield>
<bitfield begin="7" description="Output mode 2" end="5" id="OUTMOD" range="" resetval="0" rwaccess="RW" width="3">
<bitenum description="PWM output mode: 0 - output only" id="OUTMOD_0" token="OUTMOD_0" value="0"></bitenum>
<bitenum description="PWM output mode: 1 - set" id="OUTMOD_1" token="OUTMOD_1" value="1"></bitenum>
<bitenum description="PWM output mode: 2 - PWM toggle/reset" id="OUTMOD_2" token="OUTMOD_2" value="2"></bitenum>
<bitenum description="PWM output mode: 3 - PWM set/reset" id="OUTMOD_3" token="OUTMOD_3" value="3"></bitenum>
<bitenum description="PWM output mode: 4 - toggle" id="OUTMOD_4" token="OUTMOD_4" value="4"></bitenum>
<bitenum description="PWM output mode: 5 - Reset" id="OUTMOD_5" token="OUTMOD_5" value="5"></bitenum>
<bitenum description="PWM output mode: 6 - PWM toggle/set" id="OUTMOD_6" token="OUTMOD_6" value="6"></bitenum>
<bitenum description="PWM output mode: 7 - PWM reset/set" id="OUTMOD_7" token="OUTMOD_7" value="7"></bitenum></bitfield>
<bitfield begin="8" description="Capture mode: 1 /Compare mode : 0" end="8" id="CAP" range="" resetval="0" rwaccess="RW" width="1"></bitfield>
<bitfield begin="10" description="Compare latch load source 1" end="9" id="CLLD" range="" resetval="0" rwaccess="RW" width="2">
<bitenum description="Compare latch load sourec : 0 - immediate" id="CLLD_0" token="CLLD_0" value="0"></bitenum>
<bitenum description="Compare latch load sourec : 1 - TBR counts to 0" id="CLLD_1" token="CLLD_1" value="1"></bitenum>
<bitenum description="Compare latch load sourec : 2 - up/down" id="CLLD_2" token="CLLD_2" value="2"></bitenum>
<bitenum description="Compare latch load sourec : 3 - TBR counts to TBCTL0" id="CLLD_3" token="CLLD_3" value="3"></bitenum></bitfield>
<bitfield begin="11" description="Capture sychronize" end="11" id="SCS" range="" resetval="0" rwaccess="RW" width="1"></bitfield>
<bitfield begin="13" description="Capture input select 1" end="12" id="CCIS" range="" resetval="0" rwaccess="RW" width="2">
<bitenum description="Capture input select: 0 - CCIxA" id="CCIS_0" token="CCIS_0" value="0"></bitenum>
<bitenum description="Capture input select: 1 - CCIxB" id="CCIS_1" token="CCIS_1" value="1"></bitenum>
<bitenum description="Capture input select: 2 - GND" id="CCIS_2" token="CCIS_2" value="2"></bitenum>
<bitenum description="Capture input select: 3 - Vcc" id="CCIS_3" token="CCIS_3" value="3"></bitenum></bitfield>
<bitfield begin="15" description="Capture mode 1" end="14" id="CM" range="" resetval="0" rwaccess="RW" width="2">
<bitenum description="Capture mode: 0 - disabled" id="CM_0" token="CM_0" value="0"></bitenum>
<bitenum description="Capture mode: 1 - pos. edge" id="CM_1" token="CM_1" value="1"></bitenum>
<bitenum description="Capture mode: 1 - neg. edge" id="CM_2" token="CM_2" value="2"></bitenum>
<bitenum description="Capture mode: 1 - both edges" id="CM_3" token="CM_3" value="3"></bitenum></bitfield></register>
<register acronym="TBR" description="Timer B Counter Register" id="TBR" offset=" 0x0190" width="16"></register>
<register acronym="TBCCR0" description="Timer B Capture/Compare 0" id="TBCCR0" offset=" 0x0192" width="16"></register>
<register acronym="TBCCR1" description="Timer B Capture/Compare 1" id="TBCCR1" offset=" 0x0194" width="16"></register>
<register acronym="TBCCR2" description="Timer B Capture/Compare 2" id="TBCCR2" offset=" 0x0196" width="16"></register>
<register acronym="TBCCR3" description="Timer B Capture/Compare 3" id="TBCCR3" offset=" 0x0198" width="16"></register>
<register acronym="TBCCR4" description="Timer B Capture/Compare 4" id="TBCCR4" offset=" 0x019A" width="16"></register>
<register acronym="TBCCR5" description="Timer B Capture/Compare 5" id="TBCCR5" offset=" 0x019C" width="16"></register>
<register acronym="TBCCR6" description="Timer B Capture/Compare 6" id="TBCCR6" offset=" 0x019E" width="16"></register>
</module>