<module HW_revision="" XML_version="1" description="USCI_B0  I2C Mode" id="USCI_B0  I2C Mode">
<register acronym="UCB0CTL0" description="USCI B0 Control Register 0" id="UCB0CTL0" offset=" 0x0068" width="8">
<bitfield begin="0" description="Sync-Mode  0:UART-Mode / 1:SPI-Mode" end="0" id="UCSYNC" range="" resetval="0" rwaccess="RW" width="1"></bitfield>
<bitfield begin="2" description="Sync. Mode: USCI Mode 1" end="1" id="UCMODE" range="" resetval="0" rwaccess="RW" width="2">
<bitenum description="Sync. Mode: USCI Mode: 0" id="UCMODE_0" token="UCMODE_0" value="0"></bitenum>
<bitenum description="Sync. Mode: USCI Mode: 1" id="UCMODE_1" token="UCMODE_1" value="1"></bitenum>
<bitenum description="Sync. Mode: USCI Mode: 2" id="UCMODE_2" token="UCMODE_2" value="2"></bitenum>
<bitenum description="Sync. Mode: USCI Mode: 3" id="UCMODE_3" token="UCMODE_3" value="3"></bitenum></bitfield>
<bitfield begin="3" description="Sync. Mode: Master Select" end="3" id="UCMST" range="" resetval="0" rwaccess="RW" width="1"></bitfield>
<bitfield begin="5" description="Multi-Master Environment" end="5" id="UCMM" range="" resetval="0" rwaccess="RW" width="1"></bitfield>
<bitfield begin="6" description="10-bit Slave Address Mode" end="6" id="UCSLA10" range="" resetval="0" rwaccess="RW" width="1"></bitfield>
<bitfield begin="7" description="10-bit Address Mode" end="7" id="UCA10" range="" resetval="0" rwaccess="RW" width="1"></bitfield></register>
<register acronym="UCB0CTL1" description="USCI B0 Control Register 1" id="UCB0CTL1" offset=" 0x0069" width="8">
<bitfield begin="0" description="USCI Software Reset" end="0" id="UCSWRST" range="" resetval="0" rwaccess="RW" width="1"></bitfield>
<bitfield begin="1" description="Transmit START" end="1" id="UCTXSTT" range="" resetval="0" rwaccess="RW" width="1"></bitfield>
<bitfield begin="2" description="Transmit STOP" end="2" id="UCTXSTP" range="" resetval="0" rwaccess="RW" width="1"></bitfield>
<bitfield begin="3" description="Transmit NACK" end="3" id="UCTXNACK" range="" resetval="0" rwaccess="RW" width="1"></bitfield>
<bitfield begin="4" description="Transmit/Receive Select/Flag" end="4" id="UCTR" range="" resetval="0" rwaccess="RW" width="1"></bitfield>
<bitfield begin="7" description="USCI 1 Clock Source Select 1" end="6" id="UCSSEL" range="" resetval="0" rwaccess="RW" width="2">
<bitenum description="USCI 0 Clock Source: 0" id="UCSSEL_0" token="UCSSEL_0" value="0"></bitenum>
<bitenum description="USCI 0 Clock Source: 1" id="UCSSEL_1" token="UCSSEL_1" value="1"></bitenum>
<bitenum description="USCI 0 Clock Source: 2" id="UCSSEL_2" token="UCSSEL_2" value="2"></bitenum>
<bitenum description="USCI 0 Clock Source: 3" id="UCSSEL_3" token="UCSSEL_3" value="3"></bitenum></bitfield></register>
<register acronym="UCB0BR0" description="USCI B0 Baud Rate 0" id="UCB0BR0" offset=" 0x006A" width="8"></register>
<register acronym="UCB0BR1" description="USCI B0 Baud Rate 1" id="UCB0BR1" offset=" 0x006B" width="8"></register>
<register acronym="UCB0I2CIE" description="USCI B0 I2C Interrupt Enable Register" id="UCB0I2CIE" offset=" 0x006C" width="8">
<bitfield begin="0" description="Arbitration Lost interrupt enable" end="0" id="UCALIE" range="" resetval="0" rwaccess="RW" width="1"></bitfield>
<bitfield begin="1" description="START Condition interrupt enable" end="1" id="UCSTTIE" range="" resetval="0" rwaccess="RW" width="1"></bitfield>
<bitfield begin="2" description="STOP Condition interrupt enable" end="2" id="UCSTPIE" range="" resetval="0" rwaccess="RW" width="1"></bitfield>
<bitfield begin="3" description="NACK Condition interrupt enable" end="3" id="UCNACKIE" range="" resetval="0" rwaccess="RW" width="1"></bitfield></register>
<register acronym="UCB0STAT" description="USCI B0 Status Register" id="UCB0STAT" offset=" 0x006D" width="8">
<bitfield begin="0" description="Arbitration Lost interrupt Flag" end="0" id="UCALIFG" range="" resetval="0" rwaccess="RW" width="1"></bitfield>
<bitfield begin="1" description="START Condition interrupt Flag" end="1" id="UCSTTIFG" range="" resetval="0" rwaccess="RW" width="1"></bitfield>
<bitfield begin="2" description="STOP Condition interrupt Flag" end="2" id="UCSTPIFG" range="" resetval="0" rwaccess="RW" width="1"></bitfield>
<bitfield begin="3" description="NAK Condition interrupt Flag" end="3" id="UCNACKIFG" range="" resetval="0" rwaccess="RW" width="1"></bitfield>
<bitfield begin="4" description="Bus Busy Flag" end="4" id="UCBBUSY" range="" resetval="0" rwaccess="RW" width="1"></bitfield>
<bitfield begin="5" description="General Call address received Flag" end="5" id="UCGC" range="" resetval="0" rwaccess="RW" width="1"></bitfield>
<bitfield begin="6" description="SCL low" end="6" id="UCSCLLOW" range="" resetval="0" rwaccess="RW" width="1"></bitfield>
<bitfield begin="7" description="USCI Listen mode" end="7" id="UCLISTEN" range="" resetval="0" rwaccess="RW" width="1"></bitfield></register>
<register acronym="UCB0RXBUF" description="USCI B0 Receive Buffer" id="UCB0RXBUF" offset=" 0x006E" width="8"></register>
<register acronym="UCB0TXBUF" description="USCI B0 Transmit Buffer" id="UCB0TXBUF" offset=" 0x006F" width="8"></register>
<register acronym="UCB0I2COA" description="USCI B0 I2C Own Address" id="UCB0I2COA" offset=" 0x0118" width="16">
<bitfield begin="0" description="I2C Own Address 0" end="0" id="UCOA0" range="" resetval="0" rwaccess="RW" width="1"></bitfield>
<bitfield begin="1" description="I2C Own Address 1" end="1" id="UCOA1" range="" resetval="0" rwaccess="RW" width="1"></bitfield>
<bitfield begin="2" description="I2C Own Address 2" end="2" id="UCOA2" range="" resetval="0" rwaccess="RW" width="1"></bitfield>
<bitfield begin="3" description="I2C Own Address 3" end="3" id="UCOA3" range="" resetval="0" rwaccess="RW" width="1"></bitfield>
<bitfield begin="4" description="I2C Own Address 4" end="4" id="UCOA4" range="" resetval="0" rwaccess="RW" width="1"></bitfield>
<bitfield begin="5" description="I2C Own Address 5" end="5" id="UCOA5" range="" resetval="0" rwaccess="RW" width="1"></bitfield>
<bitfield begin="6" description="I2C Own Address 6" end="6" id="UCOA6" range="" resetval="0" rwaccess="RW" width="1"></bitfield>
<bitfield begin="7" description="I2C Own Address 7" end="7" id="UCOA7" range="" resetval="0" rwaccess="RW" width="1"></bitfield>
<bitfield begin="8" description="I2C Own Address 8" end="8" id="UCOA8" range="" resetval="0" rwaccess="RW" width="1"></bitfield>
<bitfield begin="9" description="I2C Own Address 9" end="9" id="UCOA9" range="" resetval="0" rwaccess="RW" width="1"></bitfield>
<bitfield begin="15" description="I2C General Call enable" end="15" id="UCGCEN" range="" resetval="0" rwaccess="RW" width="1"></bitfield></register>
<register acronym="UCB0I2CSA" description="USCI B0 I2C Slave Address" id="UCB0I2CSA" offset=" 0x011A" width="16">
<bitfield begin="0" description="I2C Slave Address 0" end="0" id="UCSA0" range="" resetval="0" rwaccess="RW" width="1"></bitfield>
<bitfield begin="1" description="I2C Slave Address 1" end="1" id="UCSA1" range="" resetval="0" rwaccess="RW" width="1"></bitfield>
<bitfield begin="2" description="I2C Slave Address 2" end="2" id="UCSA2" range="" resetval="0" rwaccess="RW" width="1"></bitfield>
<bitfield begin="3" description="I2C Slave Address 3" end="3" id="UCSA3" range="" resetval="0" rwaccess="RW" width="1"></bitfield>
<bitfield begin="4" description="I2C Slave Address 4" end="4" id="UCSA4" range="" resetval="0" rwaccess="RW" width="1"></bitfield>
<bitfield begin="5" description="I2C Slave Address 5" end="5" id="UCSA5" range="" resetval="0" rwaccess="RW" width="1"></bitfield>
<bitfield begin="6" description="I2C Slave Address 6" end="6" id="UCSA6" range="" resetval="0" rwaccess="RW" width="1"></bitfield>
<bitfield begin="7" description="I2C Slave Address 7" end="7" id="UCSA7" range="" resetval="0" rwaccess="RW" width="1"></bitfield>
<bitfield begin="8" description="I2C Slave Address 8" end="8" id="UCSA8" range="" resetval="0" rwaccess="RW" width="1"></bitfield>
<bitfield begin="9" description="I2C Slave Address 9" end="9" id="UCSA9" range="" resetval="0" rwaccess="RW" width="1"></bitfield></register>
</module>