<module HW_revision="" XML_version="1" description="USCI_A1  UART Mode" id="USCI_A1  UART Mode">
<register acronym="UCA1CTL0" description="USCI A1 Control Register 0" id="UCA1CTL0" offset=" 0x00D0" width="8">
<bitfield begin="0" description="Sync-Mode  0:UART-Mode / 1:SPI-Mode" end="0" id="UCSYNC" range="" resetval="0" rwaccess="RW" width="1"></bitfield>
<bitfield begin="2" description="Async. Mode: USCI Mode 1" end="1" id="UCMODE" range="" resetval="0" rwaccess="RW" width="2">
<bitenum description="Sync. Mode: USCI Mode: 0" id="UCMODE_0" token="UCMODE_0" value="0"></bitenum>
<bitenum description="Sync. Mode: USCI Mode: 1" id="UCMODE_1" token="UCMODE_1" value="1"></bitenum>
<bitenum description="Sync. Mode: USCI Mode: 2" id="UCMODE_2" token="UCMODE_2" value="2"></bitenum>
<bitenum description="Sync. Mode: USCI Mode: 3" id="UCMODE_3" token="UCMODE_3" value="3"></bitenum></bitfield>
<bitfield begin="3" description="Async. Mode: Stop Bits  0:one / 1: two" end="3" id="UCSPB" range="" resetval="0" rwaccess="RW" width="1"></bitfield>
<bitfield begin="4" description="Async. Mode: Data Bits  0:8-bits / 1:7-bits" end="4" id="UC7BIT" range="" resetval="0" rwaccess="RW" width="1"></bitfield>
<bitfield begin="5" description="Async. Mode: MSB first  0:LSB / 1:MSB" end="5" id="UCMSB" range="" resetval="0" rwaccess="RW" width="1"></bitfield>
<bitfield begin="6" description="Async. Mode: Parity     0:odd / 1:even" end="6" id="UCPAR" range="" resetval="0" rwaccess="RW" width="1"></bitfield>
<bitfield begin="7" description="Async. Mode: Parity enable" end="7" id="UCPEN" range="" resetval="0" rwaccess="RW" width="1"></bitfield></register>
<register acronym="UCA1CTL1" description="USCI A1 Control Register 1" id="UCA1CTL1" offset=" 0x00D1" width="8">
<bitfield begin="0" description="USCI Software Reset" end="0" id="UCSWRST" range="" resetval="0" rwaccess="RW" width="1"></bitfield>
<bitfield begin="1" description="Send next Data as Break" end="1" id="UCTXBRK" range="" resetval="0" rwaccess="RW" width="1"></bitfield>
<bitfield begin="2" description="Send next Data as Address" end="2" id="UCTXADDR" range="" resetval="0" rwaccess="RW" width="1"></bitfield>
<bitfield begin="3" description="Dormant (Sleep) Mode" end="3" id="UCDORM" range="" resetval="0" rwaccess="RW" width="1"></bitfield>
<bitfield begin="4" description="Break interrupt enable" end="4" id="UCBRKIE" range="" resetval="0" rwaccess="RW" width="1"></bitfield>
<bitfield begin="5" description="RX Error interrupt enable" end="5" id="UCRXEIE" range="" resetval="0" rwaccess="RW" width="1"></bitfield>
<bitfield begin="7" description="USCI 0 Clock Source Select 1" end="6" id="UCSSEL" range="" resetval="0" rwaccess="RW" width="2">
<bitenum description="USCI 0 Clock Source: 0" id="UCSSEL_0" token="UCSSEL_0" value="0"></bitenum>
<bitenum description="USCI 0 Clock Source: 1" id="UCSSEL_1" token="UCSSEL_1" value="1"></bitenum>
<bitenum description="USCI 0 Clock Source: 2" id="UCSSEL_2" token="UCSSEL_2" value="2"></bitenum>
<bitenum description="USCI 0 Clock Source: 3" id="UCSSEL_3" token="UCSSEL_3" value="3"></bitenum></bitfield></register>
<register acronym="UCA1BR0" description="USCI A1 Baud Rate 0" id="UCA1BR0" offset=" 0x00D2" width="8"></register>
<register acronym="UCA1BR1" description="USCI A1 Baud Rate 1" id="UCA1BR1" offset=" 0x00D3" width="8"></register>
<register acronym="UCA1MCTL" description="USCI A1 Modulation Control" id="UCA1MCTL" offset=" 0x00D4" width="8">
<bitfield begin="0" description="USCI 16-times Oversampling enable" end="0" id="UCOS16" range="" resetval="0" rwaccess="RW" width="1"></bitfield>
<bitfield begin="3" description="USCI Second Stage Modulation Select 2" end="1" id="UCBRS" range="" resetval="0" rwaccess="RW" width="3">
<bitenum description="USCI Second Stage Modulation: 0" id="UCBRS_0" token="UCBRS_0" value="0"></bitenum>
<bitenum description="USCI Second Stage Modulation: 1" id="UCBRS_1" token="UCBRS_1" value="1"></bitenum>
<bitenum description="USCI Second Stage Modulation: 2" id="UCBRS_2" token="UCBRS_2" value="2"></bitenum>
<bitenum description="USCI Second Stage Modulation: 3" id="UCBRS_3" token="UCBRS_3" value="3"></bitenum>
<bitenum description="USCI Second Stage Modulation: 4" id="UCBRS_4" token="UCBRS_4" value="4"></bitenum>
<bitenum description="USCI Second Stage Modulation: 5" id="UCBRS_5" token="UCBRS_5" value="5"></bitenum>
<bitenum description="USCI Second Stage Modulation: 6" id="UCBRS_6" token="UCBRS_6" value="6"></bitenum>
<bitenum description="USCI Second Stage Modulation: 7" id="UCBRS_7" token="UCBRS_7" value="7"></bitenum></bitfield>
<bitfield begin="7" description="USCI First Stage Modulation Select 3" end="4" id="UCBRF" range="" resetval="0" rwaccess="RW" width="4">
<bitenum description="USCI First Stage Modulation: 0" id="UCBRF_0" token="UCBRF_0" value="0"></bitenum>
<bitenum description="USCI First Stage Modulation: 1" id="UCBRF_1" token="UCBRF_1" value="1"></bitenum>
<bitenum description="USCI First Stage Modulation: 2" id="UCBRF_2" token="UCBRF_2" value="2"></bitenum>
<bitenum description="USCI First Stage Modulation: 3" id="UCBRF_3" token="UCBRF_3" value="3"></bitenum>
<bitenum description="USCI First Stage Modulation: 4" id="UCBRF_4" token="UCBRF_4" value="4"></bitenum>
<bitenum description="USCI First Stage Modulation: 5" id="UCBRF_5" token="UCBRF_5" value="5"></bitenum>
<bitenum description="USCI First Stage Modulation: 6" id="UCBRF_6" token="UCBRF_6" value="6"></bitenum>
<bitenum description="USCI First Stage Modulation: 7" id="UCBRF_7" token="UCBRF_7" value="7"></bitenum>
<bitenum description="USCI First Stage Modulation: 8" id="UCBRF_8" token="UCBRF_8" value="8"></bitenum>
<bitenum description="USCI First Stage Modulation: 9" id="UCBRF_9" token="UCBRF_9" value="9"></bitenum>
<bitenum description="USCI First Stage Modulation: A" id="UCBRF_10" token="UCBRF_10" value="10"></bitenum>
<bitenum description="USCI First Stage Modulation: B" id="UCBRF_11" token="UCBRF_11" value="11"></bitenum>
<bitenum description="USCI First Stage Modulation: C" id="UCBRF_12" token="UCBRF_12" value="12"></bitenum>
<bitenum description="USCI First Stage Modulation: D" id="UCBRF_13" token="UCBRF_13" value="13"></bitenum>
<bitenum description="USCI First Stage Modulation: E" id="UCBRF_14" token="UCBRF_14" value="14"></bitenum>
<bitenum description="USCI First Stage Modulation: F" id="UCBRF_15" token="UCBRF_15" value="15"></bitenum></bitfield></register>
<register acronym="UCA1STAT" description="USCI A1 Status Register" id="UCA1STAT" offset=" 0x00D5" width="8">
<bitfield begin="0" description="USCI Busy Flag" end="0" id="UCBUSY" range="" resetval="0" rwaccess="RW" width="1"></bitfield>
<bitfield begin="1" description="USCI Address received Flag" end="1" id="UCADDR" range="" resetval="0" rwaccess="RW" width="1"></bitfield>
<bitfield begin="2" description="USCI RX Error Flag" end="2" id="UCRXERR" range="" resetval="0" rwaccess="RW" width="1"></bitfield>
<bitfield begin="3" description="USCI Break received" end="3" id="UCBRK" range="" resetval="0" rwaccess="RW" width="1"></bitfield>
<bitfield begin="4" description="USCI Parity Error Flag" end="4" id="UCPE" range="" resetval="0" rwaccess="RW" width="1"></bitfield>
<bitfield begin="5" description="USCI Overrun Error Flag" end="5" id="UCOE" range="" resetval="0" rwaccess="RW" width="1"></bitfield>
<bitfield begin="6" description="USCI Frame Error Flag" end="6" id="UCFE" range="" resetval="0" rwaccess="RW" width="1"></bitfield>
<bitfield begin="7" description="USCI Listen mode" end="7" id="UCLISTEN" range="" resetval="0" rwaccess="RW" width="1"></bitfield></register>
<register acronym="UCA1RXBUF" description="USCI A1 Receive Buffer" id="UCA1RXBUF" offset=" 0x00D6" width="8"></register>
<register acronym="UCA1TXBUF" description="USCI A1 Transmit Buffer" id="UCA1TXBUF" offset=" 0x00D7" width="8"></register>
<register acronym="UCA1ABCTL" description="USCI A1 LIN Control" id="UCA1ABCTL" offset=" 0x00CD" width="8">
<bitfield begin="0" description="Auto Baud Rate detect enable" end="0" id="UCABDEN" range="" resetval="0" rwaccess="RW" width="1"></bitfield>
<bitfield begin="2" description="Break Timeout error" end="2" id="UCBTOE" range="" resetval="0" rwaccess="RW" width="1"></bitfield>
<bitfield begin="3" description="Sync-Field Timeout error" end="3" id="UCSTOE" range="" resetval="0" rwaccess="RW" width="1"></bitfield>
<bitfield begin="4" description="Break Sync Delimiter 0" end="4" id="UCDELIM0" range="" resetval="0" rwaccess="RW" width="1"></bitfield>
<bitfield begin="5" description="Break Sync Delimiter 1" end="5" id="UCDELIM1" range="" resetval="0" rwaccess="RW" width="1"></bitfield></register>
<register acronym="UCA1IRTCTL" description="USCI A1 IrDA Transmit Control" id="UCA1IRTCTL" offset=" 0x00CE" width="8">
<bitfield begin="0" description="IRDA Encoder/Decoder enable" end="0" id="UCIREN" range="" resetval="0" rwaccess="RW" width="1"></bitfield>
<bitfield begin="1" description="IRDA Transmit Pulse Clock Select" end="1" id="UCIRTXCLK" range="" resetval="0" rwaccess="RW" width="1"></bitfield>
<bitfield begin="2" description="IRDA Transmit Pulse Length 0" end="2" id="UCIRTXPL0" range="" resetval="0" rwaccess="RW" width="1"></bitfield>
<bitfield begin="3" description="IRDA Transmit Pulse Length 1" end="3" id="UCIRTXPL1" range="" resetval="0" rwaccess="RW" width="1"></bitfield>
<bitfield begin="4" description="IRDA Transmit Pulse Length 2" end="4" id="UCIRTXPL2" range="" resetval="0" rwaccess="RW" width="1"></bitfield>
<bitfield begin="5" description="IRDA Transmit Pulse Length 3" end="5" id="UCIRTXPL3" range="" resetval="0" rwaccess="RW" width="1"></bitfield>
<bitfield begin="6" description="IRDA Transmit Pulse Length 4" end="6" id="UCIRTXPL4" range="" resetval="0" rwaccess="RW" width="1"></bitfield>
<bitfield begin="7" description="IRDA Transmit Pulse Length 5" end="7" id="UCIRTXPL5" range="" resetval="0" rwaccess="RW" width="1"></bitfield></register>
<register acronym="UCA1IRRCTL" description="USCI A1 IrDA Receive Control" id="UCA1IRRCTL" offset=" 0x00CF" width="8">
<bitfield begin="0" description="IRDA Receive Filter enable" end="0" id="UCIRRXFE" range="" resetval="0" rwaccess="RW" width="1"></bitfield>
<bitfield begin="1" description="IRDA Receive Input Polarity" end="1" id="UCIRRXPL" range="" resetval="0" rwaccess="RW" width="1"></bitfield>
<bitfield begin="2" description="IRDA Receive Filter Length 0" end="2" id="UCIRRXFL0" range="" resetval="0" rwaccess="RW" width="1"></bitfield>
<bitfield begin="3" description="IRDA Receive Filter Length 1" end="3" id="UCIRRXFL1" range="" resetval="0" rwaccess="RW" width="1"></bitfield>
<bitfield begin="4" description="IRDA Receive Filter Length 2" end="4" id="UCIRRXFL2" range="" resetval="0" rwaccess="RW" width="1"></bitfield>
<bitfield begin="5" description="IRDA Receive Filter Length 3" end="5" id="UCIRRXFL3" range="" resetval="0" rwaccess="RW" width="1"></bitfield>
<bitfield begin="6" description="IRDA Receive Filter Length 4" end="6" id="UCIRRXFL4" range="" resetval="0" rwaccess="RW" width="1"></bitfield>
<bitfield begin="7" description="IRDA Receive Filter Length 5" end="7" id="UCIRRXFL5" range="" resetval="0" rwaccess="RW" width="1"></bitfield></register>
</module>