<properties XML_version="1.2">
<property Type="stringfield" Value="1.213" id="GNUOptionsVersion"></property>
<property Type="stringfield" Value="-mmcu=msp430f2418 -lc -lgcc --gc-sections -L ${CCS_BASE_ROOT}/msp430/include_gcc " id="GNULinkerBuildOptions"></property>
<property Type="stringfield" Value="-mmcu=msp430f2418 -I${CCS_BASE_ROOT}/msp430/include_gcc -Os -mlarge -mhwmult=16bit -mcode-region=none -mdata-region=lower" id="GNUCompilerBuildOptions"></property>
<property Type="stringfield" Value="../include_gcc/msp430f2418.ld" id="GNUFilesToCopy"></property>
</properties>